numero_alimento,descricao,categoria,energia_kcal,proteina_g,lipideos_g,carboidrato_g,fibra_g,base,preparo,qualificadores
1,"Arroz, integral, cozido",Cereais e derivados,123.53,2.59,1,25.81,2.75,Arroz,cozido,integral
2,"Arroz, integral, cru",Cereais e derivados,359.68,7.32,1.86,77.45,4.82,Arroz,cru,integral
3,"Arroz, tipo 1, cozido",Cereais e derivados,128.26,2.52,0.23,28.06,1.56,Arroz,cozido,tipo 1
4,"Arroz, tipo 1, cru",Cereais e derivados,357.79,7.16,0.34,78.76,1.64,Arroz,cru,tipo 1
5,"Arroz, tipo 2, cozido",Cereais e derivados,130.12,2.57,0.36,28.19,1.07,Arroz,cozido,tipo 2
6,"Arroz, tipo 2, cru",Cereais e derivados,358.12,7.24,0.28,78.88,1.72,Arroz,cru,tipo 2
7,"Aveia, flocos, crua",Cereais e derivados,393.82,13.92,8.5,66.64,9.13,Aveia,cru,flocos
8,"Biscoito, doce, maisena",Cereais e derivados,442.82,8.07,11.97,75.23,2.1,Biscoito,,"doce, maisena"
9,"Biscoito, doce, recheado com chocolate",Cereais e derivados,471.82,6.4,19.58,70.55,2.96,Biscoito,,"doce, recheado com chocolate"
10,"Biscoito, doce, recheado com morango",Cereais e derivados,471.17,5.72,19.57,71.01,1.53,Biscoito,,"doce, recheado com morango"
11,"Biscoito, doce, wafer, recheado de chocolate",Cereais e derivados,502.46,5.56,24.67,67.54,1.8,Biscoito,,"doce, wafer, recheado de chocolate"
12,"Biscoito, doce, wafer, recheado de morango",Cereais e derivados,513.45,4.52,26.4,67.35,0.82,Biscoito,,"doce, wafer, recheado de morango"
13,"Biscoito, salgado, cream cracker",Cereais e derivados,431.73,10.06,14.44,68.73,2.51,Biscoito,,"salgado, cream cracker"
14,"Bolo, mistura para",Cereais e derivados,418.63,6.16,6.13,84.71,1.7,Bolo,,mistura para
15,"Bolo, pronto, aipim",Cereais e derivados,323.85,4.42,12.75,47.86,0.69,Bolo,,"pronto, aipim"
16,"Bolo, pronto, chocolate",Cereais e derivados,410.01,6.22,18.47,54.72,1.43,Bolo,,"pronto, chocolate"
17,"Bolo, pronto, coco",Cereais e derivados,333.44,5.67,11.3,52.28,1.05,Bolo,,"pronto, coco"
18,"Bolo, pronto, milho",Cereais e derivados,311.39,4.8,12.41,45.11,0.71,Bolo,,"pronto, milho"
19,"Canjica, branca, crua",Cereais e derivados,357.6,7.2,0.97,78.06,5.5,Canjica,cru,branca
20,"Canjica, com leite integral",Cereais e derivados,112.46,2.36,1.24,23.63,1.22,Canjica,,com leite integral
21,"Cereais, milho, flocos, com sal",Cereais e derivados,369.6,7.29,1.6,80.83,5.29,Cereais,,"milho, flocos, com sal"
22,"Cereais, milho, flocos, sem sal",Cereais e derivados,363.34,6.88,1.18,80.45,1.84,Cereais,,"milho, flocos, sem sal"
23,"Cereais, mingau, milho, infantil",Cereais e derivados,394.43,6.43,1.09,87.27,3.21,Cereais,,"mingau, milho, infantil"
24,"Cereais, mistura para vitamina, trigo, cevada e aveia",Cereais e derivados,381.13,8.9,2.12,81.62,4.98,Cereais,,"mistura para vitamina, trigo, cevada e aveia"
25,"Cereal matinal, milho",Cereais e derivados,365.35,7.16,0.96,83.82,4.12,Cereal matinal,,milho
26,"Cereal matinal, milho, açúcar",Cereais e derivados,376.56,4.74,0.67,88.84,2.11,Cereal matinal,,"milho, açúcar"
27,"Creme de arroz, pó",Cereais e derivados,386,7.03,1.23,83.87,1.07,Creme de arroz,,pó
28,"Creme de milho, pó",Cereais e derivados,333.03,4.82,1.64,86.15,3.72,Creme de milho,,pó
29,"Curau, milho verde",Cereais e derivados,78.43,2.36,1.64,13.94,0.46,Curau,,milho verde
30,"Curau, milho verde, mistura para",Cereais e derivados,402.29,2.22,13.37,79.82,2.52,Curau,,"milho verde, mistura para"
31,"Farinha, de arroz, enriquecida",Cereais e derivados,363.06,1.27,0.3,85.5,0.58,Farinha,,"de arroz, enriquecida"
32,"Farinha, de centeio, integral",Cereais e derivados,335.78,12.52,1.75,73.3,15.48,Farinha,,"de centeio, integral"
33,"Farinha, de milho, amarela",Cereais e derivados,350.59,7.19,1.47,79.08,5.49,Farinha,,"de milho, amarela"
34,"Farinha, de rosca",Cereais e derivados,370.58,11.38,1.46,75.79,4.82,Farinha,,de rosca
35,"Farinha, de trigo",Cereais e derivados,360.47,9.79,1.37,75.09,2.35,Farinha,,de trigo
36,"Farinha, láctea, de cereais",Cereais e derivados,414.85,11.88,5.79,77.77,1.94,Farinha,,"láctea, de cereais"
37,"Lasanha, massa fresca, cozida",Cereais e derivados,163.76,5.81,1.16,32.52,1.64,Lasanha,cozido,massa fresca
38,"Lasanha, massa fresca, crua",Cereais e derivados,220.31,7.01,1.34,45.06,1.61,Lasanha,cru,massa fresca
39,"Macarrão, instantâneo",Cereais e derivados,435.86,8.79,17.24,62.43,5.61,Macarrão,,instantâneo
40,"Macarrão, trigo, cru",Cereais e derivados,371.12,10,1.3,77.94,2.93,Macarrão,cru,trigo
41,"Macarrão, trigo, cru, com ovos",Cereais e derivados,370.57,10.32,1.97,76.62,2.3,Macarrão,cru,"trigo, com ovos"
42,"Milho, amido, cru",Cereais e derivados,361.37,0.6,0,87.15,0.74,Milho,cru,amido
43,"Milho, fubá, cru",Cereais e derivados,353.48,7.21,1.9,78.87,4.71,Milho,cru,fubá
44,"Milho, verde, cru",Cereais e derivados,138.17,6.59,0.61,28.56,3.92,Milho,cru,verde
45,"Milho, verde, enlatado, drenado",Cereais e derivados,97.56,3.23,2.35,17.14,4.64,Milho,,"verde, enlatado, drenado"
46,"Mingau tradicional, pó",Cereais e derivados,373.42,0.58,0.37,89.34,0.88,Mingau tradicional,,pó
47,"Pamonha, barra para cozimento, pré-cozida",Cereais e derivados,171.22,2.55,4.85,30.68,2.37,Pamonha,cozido,barra para cozimento
48,"Pão, aveia, forma",Cereais e derivados,343.09,12.35,5.69,59.57,5.98,Pão,,"aveia, forma"
49,"Pão, de soja",Cereais e derivados,308.73,11.34,3.58,56.51,5.71,Pão,,de soja
50,"Pão, glúten, forma",Cereais e derivados,252.99,11.95,2.73,44.12,2.48,Pão,,"glúten, forma"
51,"Pão, milho, forma",Cereais e derivados,292.01,8.3,3.11,56.4,4.3,Pão,,"milho, forma"
52,"Pão, trigo, forma, integral",Cereais e derivados,253.19,9.43,3.65,49.94,6.88,Pão,,"trigo, forma, integral"
53,"Pão, trigo, francês",Cereais e derivados,299.81,7.95,3.1,58.65,2.31,Pão,,"trigo, francês"
54,"Pão, trigo, sovado",Cereais e derivados,310.96,8.4,2.84,61.45,2.43,Pão,,"trigo, sovado"
55,"Pastel, de carne, cru",Cereais e derivados,288.7,10.74,8.79,42.02,1.04,Pastel,cru,de carne
56,"Pastel, de carne, frito",Cereais e derivados,388.37,10.1,20.14,43.77,0.99,Pastel,frito,de carne
57,"Pastel, de queijo, cru",Cereais e derivados,308.47,9.85,9.63,45.95,1.11,Pastel,cru,de queijo
58,"Pastel, de queijo, frito",Cereais e derivados,422.11,8.71,22.67,48.13,0.94,Pastel,frito,de queijo
59,"Pastel, massa, crua",Cereais e derivados,310.2,6.9,5.48,57.38,1.41,Pastel,cru,massa
60,"Pastel, massa, frita",Cereais e derivados,569.67,6.02,40.86,49.34,1.31,Pastel,frito,massa
61,"Pipoca, com óleo de soja, sem sal",Cereais e derivados,448.33,9.93,15.94,70.31,14.34,Pipoca,,"com óleo de soja, sem sal"
62,"Polenta, pré-cozida",Cereais e derivados,102.74,2.29,0.3,23.31,2.4,Polenta,cozido,
63,"Torrada, pão francês",Cereais e derivados,377.42,10.52,3.3,74.56,3.4,Torrada,,pão francês
64,"Abóbora, cabotian, cozida","Verduras, hortaliças e derivados",48.04,1.44,0.73,10.76,2.46,Abóbora,cozido,cabotian
65,"Abóbora, cabotian, crua","Verduras, hortaliças e derivados",38.6,1.75,0.54,8.36,2.17,Abóbora,cru,cabotian
66,"Abóbora, menina brasileira, crua","Verduras, hortaliças e derivados",13.61,0.61,0,3.3,1.17,Abóbora,cru,menina brasileira
67,"Abóbora, moranga, crua","Verduras, hortaliças e derivados",12.36,0.96,0.06,2.67,1.7,Abóbora,cru,moranga
68,"Abóbora, moranga, refogada","Verduras, hortaliças e derivados",29,0.39,0.8,5.98,1.55,Abóbora,refogado,moranga
69,"Abóbora, pescoço, crua","Verduras, hortaliças e derivados",24.47,0.67,0.12,6.12,2.3,Abóbora,cru,pescoço
70,"Abobrinha, italiana, cozida","Verduras, hortaliças e derivados",15.04,1.12,0.2,2.98,1.59,Abobrinha,cozido,italiana
71,"Abobrinha, italiana, crua","Verduras, hortaliças e derivados",19.28,1.14,0.14,4.29,1.35,Abobrinha,cru,italiana
72,"Abobrinha, italiana, refogada","Verduras, hortaliças e derivados",24.43,1.07,0.82,4.19,1.38,Abobrinha,refogado,italiana
73,"Abobrinha, paulista, crua","Verduras, hortaliças e derivados",30.81,0.64,0.14,7.87,2.6,Abobrinha,cru,paulista
74,"Acelga, crua","Verduras, hortaliças e derivados",20.94,1.44,0.11,4.63,1.12,Acelga,cru,
75,"Agrião, cru","Verduras, hortaliças e derivados",16.58,2.69,0.24,2.25,2.14,Agrião,cru,
76,"Aipo, cru","Verduras, hortaliças e derivados",19.09,0.76,0.07,4.27,0.96,Aipo,cru,
77,"Alface, americana, crua","Verduras, hortaliças e derivados",8.79,0.61,0.13,1.75,1.02,Alface,cru,americana
78,"Alface, crespa, crua","Verduras, hortaliças e derivados",10.68,1.35,0.16,1.7,1.83,Alface,cru,crespa
79,"Alface, lisa, crua","Verduras, hortaliças e derivados",13.82,1.69,0.12,2.43,2.33,Alface,cru,lisa
80,"Alface, roxa, crua","Verduras, hortaliças e derivados",12.72,0.91,0.19,2.49,2.01,Alface,cru,roxa
81,"Alfavaca, crua","Verduras, hortaliças e derivados",29.18,2.66,0.48,5.24,4.14,Alfavaca,cru,
82,"Alho, cru","Verduras, hortaliças e derivados",113.13,7.01,0.22,23.91,4.32,Alho,cru,
83,"Alho-poró, cru","Verduras, hortaliças e derivados",31.51,1.41,0.14,6.88,2.51,Alho-poró,cru,
84,"Almeirão, cru","Verduras, hortaliças e derivados",18.03,1.77,0.22,3.34,2.59,Almeirão,cru,
85,"Almeirão, refogado","Verduras, hortaliças e derivados",65.08,1.7,4.85,5.7,3.43,Almeirão,refogado,
86,"Batata, baroa, cozida","Verduras, hortaliças e derivados",80.12,0.85,0.17,18.95,1.76,Batata,cozido,baroa
87,"Batata, baroa, crua","Verduras, hortaliças e derivados",100.98,1.05,0.17,23.98,2.06,Batata,cru,baroa
88,"Batata, doce, cozida","Verduras, hortaliças e derivados",76.76,0.64,0.09,18.42,2.21,Batata,cozido,doce
89,"Batata, doce, crua","Verduras, hortaliças e derivados",118.24,1.26,0.13,28.2,2.57,Batata,cru,doce
90,"Batata, frita, tipo chips, industrializada","Verduras, hortaliças e derivados",542.73,5.58,36.62,51.22,2.46,Batata,frito,"tipo chips, industrializada"
91,"Batata, inglesa, cozida","Verduras, hortaliças e derivados",51.59,1.16,0,11.94,1.34,Batata,cozido,inglesa
92,"Batata, inglesa, crua","Verduras, hortaliças e derivados",64.37,1.77,0,14.69,1.16,Batata,cru,inglesa
93,"Batata, inglesa, frita","Verduras, hortaliças e derivados",267.16,4.97,13.11,35.64,8.06,Batata,frito,inglesa
94,"Batata, inglesa, sauté","Verduras, hortaliças e derivados",67.89,1.29,0.9,14.09,1.38,Batata,,"inglesa, sauté"
95,"Berinjela, cozida","Verduras, hortaliças e derivados",18.85,0.68,0.15,4.47,2.52,Berinjela,cozido,
96,"Berinjela, crua","Verduras, hortaliças e derivados",19.63,1.22,0.1,4.43,2.87,Berinjela,cru,
97,"Beterraba, cozida","Verduras, hortaliças e derivados",32.15,1.29,0.09,7.23,1.88,Beterraba,cozido,
98,"Beterraba, crua","Verduras, hortaliças e derivados",48.83,1.95,0.09,11.11,3.37,Beterraba,cru,
99,"Biscoito, polvilho doce","Verduras, hortaliças e derivados",437.55,1.29,12.25,80.54,1.16,Biscoito,,polvilho doce
100,"Brócolis, cozido","Verduras, hortaliças e derivados",24.64,2.13,0.46,4.37,3.42,Brócolis,cozido,
101,"Brócolis, cru","Verduras, hortaliças e derivados",25.5,3.64,0.27,4.03,2.88,Brócolis,cru,
102,"Cará, cozido","Verduras, hortaliças e derivados",77.58,1.53,0.11,18.85,2.63,Cará,cozido,
103,"Cará, cru","Verduras, hortaliças e derivados",95.63,2.28,0.14,22.95,7.27,Cará,cru,
104,"Caruru, cru","Verduras, hortaliças e derivados",34.03,3.2,0.58,5.97,4.47,Caruru,cru,
105,"Catalonha, crua","Verduras, hortaliças e derivados",23.89,1.87,0.28,4.75,2.05,Catalonha,cru,
106,"Catalonha, refogada","Verduras, hortaliças e derivados",63.45,1.95,4.81,4.81,3.65,Catalonha,refogado,
107,"Cebola, crua","Verduras, hortaliças e derivados",39.42,1.71,0.08,8.85,2.19,Cebola,cru,
108,"Cebolinha, crua","Verduras, hortaliças e derivados",19.52,1.87,0.35,3.37,3.55,Cebolinha,cru,
109,"Cenoura, cozida","Verduras, hortaliças e derivados",29.86,0.85,0.22,6.69,2.63,Cenoura,cozido,
110,"Cenoura, crua","Verduras, hortaliças e derivados",34.14,1.32,0.17,7.66,3.18,Cenoura,cru,
111,"Chicória, crua","Verduras, hortaliças e derivados",13.84,1.14,0.14,2.85,2.2,Chicória,cru,
112,"Chuchu, cozido","Verduras, hortaliças e derivados",18.54,0.41,0,4.79,1.04,Chuchu,cozido,
113,"Chuchu, cru","Verduras, hortaliças e derivados",16.98,0.7,0.06,4.14,1.28,Chuchu,cru,
114,"Coentro, folhas desidratadas","Verduras, hortaliças e derivados",309.07,20.88,10.39,47.95,37.29,Coentro,,folhas desidratadas
115,"Couve, manteiga, crua","Verduras, hortaliças e derivados",27.06,2.87,0.55,4.33,3.12,Couve,cru,manteiga
116,"Couve, manteiga, refogada","Verduras, hortaliças e derivados",90.34,1.67,6.59,8.71,5.74,Couve,refogado,manteiga
117,"Couve-flor, crua","Verduras, hortaliças e derivados",22.56,1.91,0.21,4.52,2.35,Couve-flor,cru,
118,"Couve-flor, cozida","Verduras, hortaliças e derivados",19.11,1.24,0.27,3.88,2.13,Couve-flor,cozido,
119,"Espinafre, Nova Zelândia, cru","Verduras, hortaliças e derivados",16.1,2,0.24,2.57,2.1,Espinafre,cru,Nova Zelândia
120,"Espinafre, Nova Zelândia, refogado","Verduras, hortaliças e derivados",67.25,2.72,5.43,4.24,2.52,Espinafre,refogado,Nova Zelândia
121,"Farinha, de mandioca, crua","Verduras, hortaliças e derivados",360.87,1.55,0.28,87.9,6.39,Farinha,cru,de mandioca
122,"Farinha, de mandioca, torrada","Verduras, hortaliças e derivados",365.27,1.23,0.29,89.19,6.54,Farinha,torrado,de mandioca
123,"Farinha, de puba","Verduras, hortaliças e derivados",360.18,1.62,0.47,87.29,4.24,Farinha,,de puba
124,"Fécula, de mandioca","Verduras, hortaliças e derivados",330.85,0.52,0.28,81.15,0.65,Fécula,,de mandioca
125,"Feijão, broto, cru","Verduras, hortaliças e derivados",38.72,4.17,0.1,7.76,1.97,Feijão,cru,broto
126,"Inhame, cru","Verduras, hortaliças e derivados",96.7,2.05,0.21,23.23,1.65,Inhame,cru,
127,"Jiló, cru","Verduras, hortaliças e derivados",27.37,1.4,0.22,6.19,4.83,Jiló,cru,
128,"Jurubeba, crua","Verduras, hortaliças e derivados",125.81,4.41,3.91,23.06,23.92,Jurubeba,cru,
129,"Mandioca, cozida","Verduras, hortaliças e derivados",125.36,0.57,0.3,30.09,1.56,Mandioca,cozido,
130,"Mandioca, crua","Verduras, hortaliças e derivados",151.42,1.13,0.3,36.17,1.88,Mandioca,cru,
131,"Mandioca, farofa, temperada","Verduras, hortaliças e derivados",405.69,2.06,9.12,80.3,7.82,Mandioca,,"farofa, temperada"
132,"Mandioca, frita","Verduras, hortaliças e derivados",300.06,1.38,11.2,50.25,1.87,Mandioca,frito,
133,"Manjericão, cru","Verduras, hortaliças e derivados",21.15,1.99,0.39,3.64,3.31,Manjericão,cru,
134,"Maxixe, cru","Verduras, hortaliças e derivados",13.75,1.39,0.07,2.73,2.19,Maxixe,cru,
135,"Mostarda, folha, crua","Verduras, hortaliças e derivados",18.11,2.11,0.17,3.24,1.89,Mostarda,cru,folha
136,"Nhoque, batata, cozido","Verduras, hortaliças e derivados",180.78,5.86,1.94,36.78,1.78,Nhoque,cozido,batata
137,"Nabo, cru","Verduras, hortaliças e derivados",18.19,1.2,0.05,4.15,2.64,Nabo,cru,
138,"Palmito, juçara, em conserva","Verduras, hortaliças e derivados",23.2,1.79,0.4,4.33,3.15,Palmito,,"juçara, em conserva"
139,"Palmito, pupunha, em conserva","Verduras, hortaliças e derivados",29.43,2.46,0.45,5.51,2.55,Palmito,,"pupunha, em conserva"
140,"Pão, de queijo, assado","Verduras, hortaliças e derivados",363.08,5.12,24.57,34.24,0.56,Pão,assado,de queijo
141,"Pão, de queijo, cru","Verduras, hortaliças e derivados",294.54,3.65,13.99,38.51,0.98,Pão,cru,de queijo
142,"Pepino, cru","Verduras, hortaliças e derivados",9.53,0.87,0,2.04,1.12,Pepino,cru,
143,"Pimentão, amarelo, cru","Verduras, hortaliças e derivados",27.93,1.22,0.44,5.96,1.92,Pimentão,cru,amarelo
144,"Pimentão, verde, cru","Verduras, hortaliças e derivados",21.29,1.05,0.15,4.89,2.56,Pimentão,cru,verde
145,"Pimentão, vermelho, cru","Verduras, hortaliças e derivados",23.28,1.04,0.15,5.47,1.59,Pimentão,cru,vermelho
146,"Polvilho, doce","Verduras, hortaliças e derivados",351.23,0.43,0,86.77,0.24,Polvilho,,doce
147,"Quiabo, cru","Verduras, hortaliças e derivados",29.94,1.92,0.3,6.37,4.55,Quiabo,cru,
148,"Rabanete, cru","Verduras, hortaliças e derivados",13.74,1.39,0.07,2.73,2.19,Rabanete,cru,
149,"Repolho, branco, cru","Verduras, hortaliças e derivados",17.12,0.88,0.14,3.86,1.89,Repolho,cru,branco
150,"Repolho, roxo, cru","Verduras, hortaliças e derivados",30.91,1.91,0.06,7.2,1.97,Repolho,cru,roxo
151,"Repolho, roxo, refogado","Verduras, hortaliças e derivados",41.77,1.8,1.24,7.56,1.75,Repolho,refogado,roxo
152,"Rúcula, crua","Verduras, hortaliças e derivados",13.13,1.77,0.11,2.22,1.74,Rúcula,cru,
153,"Salsa, crua","Verduras, hortaliças e derivados",33.42,3.26,0.61,5.71,1.85,Salsa,cru,
154,"Seleta de legumes, enlatada","Verduras, hortaliças e derivados",56.53,3.42,0.35,12.67,3.09,Seleta de legumes,,enlatada
155,"Serralha, crua","Verduras, hortaliças e derivados",30.4,2.67,0.74,4.95,3.52,Serralha,cru,
156,"Taioba, crua","Verduras, hortaliças e derivados",34.21,2.9,0.93,5.43,4.45,Taioba,cru,
157,"Tomate, com semente, cru","Verduras, hortaliças e derivados",15.34,1.1,0.17,3.14,1.17,Tomate,cru,com semente
158,"Tomate, extrato","Verduras, hortaliças e derivados",60.93,2.43,0.19,14.96,2.8,Tomate,,extrato
159,"Tomate, molho industrializado","Verduras, hortaliças e derivados",38.45,1.38,0.9,7.71,3.12,Tomate,,molho industrializado
160,"Tomate, purê","Verduras, hortaliças e derivados",27.94,1.36,0,6.89,1.03,Tomate,,purê
161,"Tomate, salada","Verduras, hortaliças e derivados",20.55,0.81,0,5.12,2.27,Tomate,,salada
162,"Vagem, crua","Verduras, hortaliças e derivados",24.9,1.79,0.17,5.35,2.38,Vagem,cru,
163,"Abacate, cru",Frutas e derivados,96.15,1.24,8.4,6.03,6.31,Abacate,cru,
164,"Abacaxi, cru",Frutas e derivados,48.32,0.86,0.12,12.33,0.99,Abacaxi,cru,
165,"Abacaxi, polpa, congelada",Frutas e derivados,30.59,0.47,0.11,7.8,0.33,Abacaxi,,"polpa, congelada"
166,"Abiu, cru",Frutas e derivados,62.42,0.83,0.7,14.93,1.7,Abiu,cru,
167,"Açaí, polpa, com xarope de guaraná e glucose",Frutas e derivados,110.3,0.72,3.66,21.46,1.72,Açaí,,"polpa, com xarope de guaraná e glucose"
168,"Açaí, polpa, congelada",Frutas e derivados,58.05,0.8,3.94,6.21,2.55,Açaí,,"polpa, congelada"
169,"Acerola, crua",Frutas e derivados,33.46,0.91,0.21,7.97,1.51,Acerola,cru,
170,"Acerola, polpa, congelada",Frutas e derivados,21.94,0.59,0,5.54,0.7,Acerola,,"polpa, congelada"
171,"Ameixa, calda, enlatada",Frutas e derivados,182.85,0.41,0,46.89,0.52,Ameixa,,"calda, enlatada"
172,"Ameixa, crua",Frutas e derivados,52.54,0.77,0,13.85,2.43,Ameixa,cru,
173,"Ameixa, em calda, enlatada, drenada",Frutas e derivados,177.36,1.02,0.28,47.66,4.55,Ameixa,,"em calda, enlatada, drenada"
174,"Atemóia, crua",Frutas e derivados,96.97,0.97,0.3,25.33,2.14,Atemóia,cru,
175,"Banana, da terra, crua",Frutas e derivados,128.02,1.43,0.24,33.67,1.53,Banana,cru,da terra
176,"Banana, doce em barra",Frutas e derivados,280.11,2.17,0.05,75.67,3.83,Banana,,doce em barra
177,"Banana, figo, crua",Frutas e derivados,105.08,1.13,0.14,27.8,2.8,Banana,cru,figo
178,"Banana, maçã, crua",Frutas e derivados,86.81,1.75,0.06,22.34,2.59,Banana,cru,maçã
179,"Banana, nanica, crua",Frutas e derivados,91.53,1.4,0.12,23.85,1.95,Banana,cru,nanica
180,"Banana, ouro, crua",Frutas e derivados,112.37,1.48,0.21,29.34,1.95,Banana,cru,ouro
181,"Banana, pacova, crua",Frutas e derivados,77.91,1.23,0.08,20.31,2.03,Banana,cru,pacova
182,"Banana, prata, crua",Frutas e derivados,98.25,1.27,0.07,25.96,2.04,Banana,cru,prata
183,"Cacau, cru",Frutas e derivados,74.29,0.95,0.14,19.41,2.19,Cacau,cru,
184,"Cajá-Manga, cru",Frutas e derivados,45.58,1.28,0,11.43,2.58,Cajá-Manga,cru,
185,"Cajá, polpa, congelada",Frutas e derivados,26.33,0.59,0.17,6.37,1.36,Cajá,,"polpa, congelada"
186,"Caju, cru",Frutas e derivados,43.07,0.97,0.33,10.29,1.68,Caju,cru,
187,"Caju, polpa, congelada",Frutas e derivados,36.57,0.48,0.15,9.35,0.81,Caju,,"polpa, congelada"
188,"Caju, suco concentrado, envasado",Frutas e derivados,45.11,0.4,0.2,10.73,0.63,Caju,,"suco concentrado, envasado"
189,"Caqui, chocolate, cru",Frutas e derivados,71.35,0.36,0.07,19.33,6.52,Caqui,cru,chocolate
190,"Carambola, crua",Frutas e derivados,45.74,0.87,0.18,11.48,2.03,Carambola,cru,
191,"Ciriguela, crua",Frutas e derivados,75.59,1.4,0.36,18.86,3.9,Ciriguela,cru,
192,"Cupuaçu, cru",Frutas e derivados,49.42,1.16,0.95,10.43,3.12,Cupuaçu,cru,
193,"Cupuaçu, polpa, congelada",Frutas e derivados,48.8,0.84,0.59,11.39,1.59,Cupuaçu,,"polpa, congelada"
194,"Figo, cru",Frutas e derivados,41.45,0.97,0.16,10.25,1.79,Figo,cru,
195,"Figo, enlatado, em calda",Frutas e derivados,184.36,0.56,0.15,50.34,1.98,Figo,,"enlatado, em calda"
196,"Fruta-pão, crua",Frutas e derivados,67.05,1.08,0.19,17.17,5.55,Fruta-pão,cru,
197,"Goiaba, branca, com casca, crua",Frutas e derivados,51.74,0.9,0.49,12.4,6.33,Goiaba,cru,"branca, com casca"
198,"Goiaba, doce em pasta",Frutas e derivados,268.96,0.58,0,74.12,3.73,Goiaba,,doce em pasta
199,"Goiaba, doce, cascão",Frutas e derivados,285.59,0.41,0.1,78.7,4.37,Goiaba,,"doce, cascão"
200,"Goiaba, vermelha, com casca, crua",Frutas e derivados,54.17,1.09,0.44,13.01,6.22,Goiaba,cru,"vermelha, com casca"
201,"Graviola, crua",Frutas e derivados,61.62,0.85,0.21,15.84,1.91,Graviola,cru,
202,"Graviola, polpa, congelada",Frutas e derivados,38.27,0.57,0.14,9.78,1.19,Graviola,,"polpa, congelada"
203,"Jabuticaba, crua",Frutas e derivados,58.05,0.61,0.13,15.26,2.3,Jabuticaba,cru,
204,"Jaca, crua",Frutas e derivados,87.92,1.4,0.27,22.5,2.39,Jaca,cru,
205,"Jambo, cru",Frutas e derivados,26.91,0.89,0.07,6.49,5.07,Jambo,cru,
206,"Jamelão, cru",Frutas e derivados,41.01,0.55,0.11,10.63,1.78,Jamelão,cru,
207,"Kiwi, cru",Frutas e derivados,51.14,1.34,0.63,11.5,2.65,Kiwi,cru,
208,"Laranja, baía, crua",Frutas e derivados,45.44,0.98,0.1,11.47,1.12,Laranja,cru,baía
209,"Laranja, baía, suco",Frutas e derivados,36.65,0.65,0,8.7,0,Laranja,,"baía, suco"
210,"Laranja, da terra, crua",Frutas e derivados,51.47,1.08,0.19,12.86,3.98,Laranja,cru,da terra
211,"Laranja, da terra, suco",Frutas e derivados,40.96,0.67,0.14,9.57,1.03,Laranja,,"da terra, suco"
212,"Laranja, lima, crua",Frutas e derivados,45.7,1.06,0.08,11.53,1.78,Laranja,cru,lima
213,"Laranja, lima, suco",Frutas e derivados,39.34,0.71,0.12,9.17,0.42,Laranja,,"lima, suco"
214,"Laranja, pêra, crua",Frutas e derivados,36.77,1.04,0.13,8.95,0.77,Laranja,cru,pêra
215,"Laranja, pêra, suco",Frutas e derivados,32.71,0.74,0.07,7.55,0,Laranja,,"pêra, suco"
216,"Laranja, valência, crua",Frutas e derivados,46.11,0.77,0.16,11.72,1.73,Laranja,cru,valência
217,"Laranja, valência, suco",Frutas e derivados,36.2,0.48,0.12,8.55,0.42,Laranja,,"valência, suco"
218,"Limão, cravo, suco",Frutas e derivados,14.1,0.33,0,5.25,0,Limão,,"cravo, suco"
219,"Limão, galego, suco",Frutas e derivados,22.23,0.57,0.07,7.32,0,Limão,,"galego, suco"
220,"Limão, tahiti, cru",Frutas e derivados,31.82,0.94,0.14,11.08,1.18,Limão,cru,tahiti
221,"Maçã, Argentina, com casca, crua",Frutas e derivados,62.53,0.23,0.25,16.59,2.03,Maçã,cru,"Argentina, com casca"
222,"Maçã, Fuji, com casca, crua",Frutas e derivados,55.52,0.29,0,15.15,1.35,Maçã,cru,"Fuji, com casca"
223,"Macaúba, crua",Frutas e derivados,404.28,2.08,40.66,13.95,13.44,Macaúba,cru,
224,"Mamão, doce em calda, drenado",Frutas e derivados,195.63,0.19,0.07,54,1.31,Mamão,,"doce em calda, drenado"
225,"Mamão, Formosa, cru",Frutas e derivados,45.34,0.82,0.12,11.55,1.81,Mamão,cru,Formosa
226,"Mamão, Papaia, cru",Frutas e derivados,40.16,0.46,0.12,10.44,1.04,Mamão,cru,Papaia
227,"Mamão verde, doce em calda, drenado",Frutas e derivados,209.38,0.32,0.1,57.64,1.23,Mamão verde,,"doce em calda, drenado"
228,"Manga, Haden, crua",Frutas e derivados,63.5,0.41,0.26,16.66,1.58,Manga,cru,Haden
229,"Manga, Palmer, crua",Frutas e derivados,72.49,0.41,0.17,19.35,1.63,Manga,cru,Palmer
230,"Manga, polpa, congelada",Frutas e derivados,48.31,0.38,0.23,12.52,1.07,Manga,,"polpa, congelada"
231,"Manga, Tommy Atkins, crua",Frutas e derivados,50.69,0.86,0.22,12.77,2.07,Manga,cru,Tommy Atkins
232,"Maracujá, cru",Frutas e derivados,68.44,1.99,2.1,12.26,1.14,Maracujá,cru,
233,"Maracujá, polpa, congelada",Frutas e derivados,38.76,0.81,0.18,9.6,0.51,Maracujá,,"polpa, congelada"
234,"Maracujá, suco concentrado, envasado",Frutas e derivados,41.97,0.77,0.19,9.64,0.35,Maracujá,,"suco concentrado, envasado"
235,"Melancia, crua",Frutas e derivados,32.61,0.88,0,8.14,0.12,Melancia,cru,
236,"Melão, cru",Frutas e derivados,29.37,0.68,0,7.53,0.25,Melão,cru,
237,"Mexerica, Murcote, crua",Frutas e derivados,57.59,0.88,0.13,14.86,3.07,Mexerica,cru,Murcote
238,"Mexerica, Rio, crua",Frutas e derivados,36.87,0.65,0.13,9.34,2.73,Mexerica,cru,Rio
239,"Morango, cru",Frutas e derivados,30.15,0.89,0.31,6.82,1.72,Morango,cru,
240,"Nêspera, crua",Frutas e derivados,42.54,0.31,0,11.53,2.96,Nêspera,cru,
241,"Pequi, cru",Frutas e derivados,204.97,2.34,17.97,12.97,19.04,Pequi,cru,
242,"Pêra, Park, crua",Frutas e derivados,60.59,0.24,0.23,16.07,2.98,Pêra,cru,Park
243,"Pêra, Williams, crua",Frutas e derivados,53.31,0.57,0.11,14.02,3.01,Pêra,cru,Williams
244,"Pêssego, Aurora, cru",Frutas e derivados,36.33,0.82,0,9.32,1.42,Pêssego,cru,Aurora
245,"Pêssego, enlatado, em calda",Frutas e derivados,63.14,0.71,0,16.88,1.02,Pêssego,,"enlatado, em calda"
246,"Pinha, crua",Frutas e derivados,88.47,1.49,0.32,22.45,3.36,Pinha,cru,
247,"Pitanga, crua",Frutas e derivados,41.42,0.93,0.17,10.24,3.24,Pitanga,cru,
248,"Pitanga, polpa, congelada",Frutas e derivados,19.11,0.29,0.12,4.76,0.74,Pitanga,,"polpa, congelada"
249,"Romã, crua",Frutas e derivados,55.74,0.4,0,15.11,0.44,Romã,cru,
250,"Tamarindo, cru",Frutas e derivados,275.7,3.21,0.46,72.53,6.45,Tamarindo,cru,
251,"Tangerina, Poncã, crua",Frutas e derivados,37.83,0.85,0.07,9.61,0.94,Tangerina,cru,Poncã
252,"Tangerina, Poncã, suco",Frutas e derivados,36.11,0.52,0,8.8,0,Tangerina,,"Poncã, suco"
253,"Tucumã, cru",Frutas e derivados,262.02,2.09,19.08,26.47,12.65,Tucumã,cru,
254,"Umbu, cru",Frutas e derivados,37.02,0.84,0,9.4,1.98,Umbu,cru,
255,"Umbu, polpa, congelada",Frutas e derivados,33.94,0.51,0.07,8.79,1.34,Umbu,,"polpa, congelada"
256,"Uva, Itália, crua",Frutas e derivados,52.87,0.75,0.2,13.57,0.92,Uva,cru,Itália
257,"Uva, Rubi, crua",Frutas e derivados,49.06,0.61,0.16,12.7,0.93,Uva,cru,Rubi
258,"Uva, suco concentrado, envasado",Frutas e derivados,57.66,0,0,14.71,0.23,Uva,,"suco concentrado, envasado"
259,"Azeite, de dendê",Gorduras e óleos,884,,100,,,Azeite,,de dendê
260,"Azeite, de oliva, extra virgem",Gorduras e óleos,884,,100,,,Azeite,,"de oliva, extra virgem"
261,"Manteiga, com sal",Gorduras e óleos,725.97,0.41,82.36,0.06,,Manteiga,,com sal
262,"Manteiga, sem sal",Gorduras e óleos,757.54,0.4,86.04,0,,Manteiga,,sem sal
263,"Margarina, com óleo hidrogenado, com sal (65% de lipídeos)",Gorduras e óleos,596.12,0,67.43,0,,Margarina,,"com óleo hidrogenado, com sal (65% de lipídeos)"
264,"Margarina, com óleo hidrogenado, sem sal (80% de lipídeos)",Gorduras e óleos,722.53,0,81.73,0,,Margarina,,"com óleo hidrogenado, sem sal (80% de lipídeos)"
265,"Margarina, com óleo interesterificado, com sal (65%de lipídeos)",Gorduras e óleos,594.45,0,67.25,0,,Margarina,,"com óleo interesterificado, com sal (65%de lipídeos)"
266,"Margarina, com óleo interesterificado, sem sal (65% de lipídeos)",Gorduras e óleos,593.14,0,67.1,0,,Margarina,,"com óleo interesterificado, sem sal (65% de lipídeos)"
267,"Óleo, de babaçu",Gorduras e óleos,884,,100,,,Óleo,,de babaçu
268,"Óleo, de canola",Gorduras e óleos,884,,100,,,Óleo,,de canola
269,"Óleo, de girassol",Gorduras e óleos,884,,100,,,Óleo,,de girassol
270,"Óleo, de milho",Gorduras e óleos,884,,100,,,Óleo,,de milho
271,"Óleo, de pequi",Gorduras e óleos,884,,100,,,Óleo,,de pequi
272,"Óleo, de soja",Gorduras e óleos,884,,100,,,Óleo,,de soja
273,"Abadejo, filé, congelado, assado",Pescados e frutos do mar,111.62,23.52,1.24,0,,Abadejo,assado,"filé, congelado"
274,"Abadejo, filé, congelado,cozido",Pescados e frutos do mar,91.1,19.35,0.94,0,,Abadejo,cozido,"filé, congelado"
275,"Abadejo, filé, congelado, cru",Pescados e frutos do mar,59.11,13.08,0.36,0,,Abadejo,cru,"filé, congelado"
276,"Abadejo, filé, congelado, grelhado",Pescados e frutos do mar,129.64,27.61,1.3,0,,Abadejo,grelhado,"filé, congelado"
277,"Atum, conserva em óleo",Pescados e frutos do mar,165.91,26.19,6,0,,Atum,,conserva em óleo
278,"Atum, fresco, cru",Pescados e frutos do mar,117.5,25.68,0.87,0,,Atum,cru,fresco
279,"Bacalhau, salgado, cru",Pescados e frutos do mar,135.89,29.04,1.32,0,,Bacalhau,cru,salgado
280,"Bacalhau, salgado, refogado",Pescados e frutos do mar,139.66,23.98,3.61,1.22,,Bacalhau,refogado,salgado
281,"Cação, posta, com farinha de trigo, frita",Pescados e frutos do mar,208.33,24.95,9.95,3.1,0.54,Cação,frito,"posta, com farinha de trigo"
282,"Cação, posta, cozida",Pescados e frutos do mar,116.01,25.59,0.75,0,,Cação,cozido,posta
283,"Cação, posta, crua",Pescados e frutos do mar,83.33,17.85,0.79,0,,Cação,cru,posta
284,"Camarão, Rio Grande, grande, cozido",Pescados e frutos do mar,90.01,18.97,1,0,,Camarão,cozido,"Rio Grande, grande"
285,"Camarão, Rio Grande, grande, cru",Pescados e frutos do mar,47.18,9.99,0.5,0,,Camarão,cru,"Rio Grande, grande"
286,"Camarão, Sete Barbas, sem cabeça, com casca, frito",Pescados e frutos do mar,231.25,18.39,15.62,2.88,,Camarão,frito,"Sete Barbas, sem cabeça, com casca"
287,"Caranguejo, cozido",Pescados e frutos do mar,82.72,18.48,0.42,0,,Caranguejo,cozido,
288,"Corimba, cru",Pescados e frutos do mar,128.16,17.37,5.99,0,,Corimba,cru,
289,"Corimbatá, assado",Pescados e frutos do mar,261.45,19.9,19.57,0,,Corimbatá,assado,
290,"Corimbatá, cozido",Pescados e frutos do mar,238.7,20.13,16.93,0,,Corimbatá,cozido,
291,"Corvina de água doce, crua",Pescados e frutos do mar,101.01,18.92,2.24,0,,Corvina de água doce,cru,
292,"Corvina do mar, crua",Pescados e frutos do mar,94,18.57,1.58,0,,Corvina do mar,cru,
293,"Corvina grande, assada",Pescados e frutos do mar,146.53,26.77,3.57,0,,Corvina grande,assado,
294,"Corvina grande, cozida",Pescados e frutos do mar,100.08,23.44,2.56,0,,Corvina grande,cozido,
295,"Dourada de água doce, fresca",Pescados e frutos do mar,131.21,18.81,5.64,0,,Dourada de água doce,,fresca
296,"Lambari, congelado, cru",Pescados e frutos do mar,130.84,16.81,6.55,0,,Lambari,cru,congelado
297,"Lambari, congelado, frito",Pescados e frutos do mar,326.87,28.43,22.78,0,,Lambari,frito,congelado
298,"Lambari, fresco, cru",Pescados e frutos do mar,151.6,15.65,9.4,0,,Lambari,cru,fresco
299,"Manjuba, com farinha de trigo, frita",Pescados e frutos do mar,343.55,23.45,22.59,10.24,0.36,Manjuba,frito,com farinha de trigo
300,"Manjuba, frita",Pescados e frutos do mar,349.33,30.14,24.46,0,,Manjuba,frito,
301,"Merluza, filé, assado",Pescados e frutos do mar,121.91,26.6,0.92,0,,Merluza,assado,filé
302,"Merluza, filé, cru",Pescados e frutos do mar,89.13,16.61,2.02,0,,Merluza,cru,filé
303,"Merluza, filé, frito",Pescados e frutos do mar,191.63,26.93,8.5,0,,Merluza,frito,filé
304,"Pescada, branca, crua",Pescados e frutos do mar,110.88,16.26,4.59,0,,Pescada,cru,branca
305,"Pescada, branca, frita",Pescados e frutos do mar,223.04,27.36,11.78,0,,Pescada,frito,branca
306,"Pescada, filé, com farinha de trigo, frito",Pescados e frutos do mar,283.43,21.44,19.11,5.03,0,Pescada,frito,"filé, com farinha de trigo"
307,"Pescada, filé, cru",Pescados e frutos do mar,107.21,16.65,4,0,,Pescada,cru,filé
308,"Pescada, filé, frito",Pescados e frutos do mar,154.27,28.59,3.57,0,,Pescada,frito,filé
309,"Pescada, filé, molho escabeche",Pescados e frutos do mar,141.96,11.75,8.02,5.02,0.78,Pescada,,"filé, molho escabeche"
310,"Pescadinha, crua",Pescados e frutos do mar,76.41,15.48,1.14,0,,Pescadinha,cru,
311,"Pintado, assado",Pescados e frutos do mar,191.56,36.45,3.98,0,,Pintado,assado,
312,"Pintado, cru",Pescados e frutos do mar,91.08,18.56,1.31,0,,Pintado,cru,
313,"Pintado, grelhado",Pescados e frutos do mar,152.19,30.8,2.29,0,,Pintado,grelhado,
314,"Porquinho, cru",Pescados e frutos do mar,93.02,20.49,0.61,0,,Porquinho,cru,
315,"Salmão, filé, com pele, fresco,  grelhado",Pescados e frutos do mar,228.73,23.92,14.04,0,,Salmão,grelhado,"filé, com pele, fresco"
316,"Salmão, sem pele, fresco, cru",Pescados e frutos do mar,169.78,19.25,9.71,0,,Salmão,cru,"sem pele, fresco"
317,"Salmão, sem pele, fresco, grelhado",Pescados e frutos do mar,242.71,26.14,14.53,0,,Salmão,grelhado,"sem pele, fresco"
318,"Sardinha, assada",Pescados e frutos do mar,164.35,32.18,2.99,0,,Sardinha,assado,
319,"Sardinha, conserva em óleo",Pescados e frutos do mar,284.98,15.94,24.05,0,,Sardinha,,conserva em óleo
320,"Sardinha, frita",Pescados e frutos do mar,257.04,33.38,12.69,0,,Sardinha,frito,
321,"Sardinha, inteira, crua",Pescados e frutos do mar,113.9,21.08,2.65,0,,Sardinha,cru,inteira
322,"Tucunaré, filé, congelado, cru",Pescados e frutos do mar,87.69,17.96,1.22,0,,Tucunaré,cru,"filé, congelado"
323,Apresuntado,Carnes e derivados,128.86,13.45,6.69,2.86,,Apresuntado,,
324,"Caldo de carne, tablete",Carnes e derivados,240.62,7.82,16.57,15.05,0.58,Caldo de carne,,tablete
325,"Caldo de galinha, tablete",Carnes e derivados,251.45,6.28,20.42,10.65,11.81,Caldo de galinha,,tablete
326,"Carne, bovina, acém, moído, cozido",Carnes e derivados,212.42,26.69,10.92,0,,Carne,cozido,"bovina, acém, moído"
327,"Carne, bovina, acém, moído, cru",Carnes e derivados,136.56,19.42,5.95,0,,Carne,cru,"bovina, acém, moído"
328,"Carne, bovina, acém, sem gordura, cozido",Carnes e derivados,214.61,27.27,10.88,0,,Carne,cozido,"bovina, acém, sem gordura"
329,"Carne, bovina, acém, sem gordura, cru",Carnes e derivados,144.03,20.82,6.11,0,,Carne,cru,"bovina, acém, sem gordura"
330,"Carne, bovina, almôndegas, cruas",Carnes e derivados,189.26,12.31,11.2,9.79,,Carne,,"bovina, almôndegas, cruas"
331,"Carne, bovina, almôndegas, fritas",Carnes e derivados,271.81,18.16,15.78,14.29,,Carne,,"bovina, almôndegas, fritas"
332,"Carne, bovina, bucho, cozido",Carnes e derivados,133.02,21.64,4.5,0,,Carne,cozido,"bovina, bucho"
333,"Carne, bovina, bucho, cru",Carnes e derivados,137.3,20.53,5.5,0,,Carne,cru,"bovina, bucho"
334,"Carne, bovina, capa de contra-filé, com gordura, crua",Carnes e derivados,216.91,19.2,14.96,0,,Carne,cru,"bovina, capa de contra-filé, com gordura"
335,"Carne, bovina, capa de contra-filé, com gordura, grelhada",Carnes e derivados,311.7,30.69,20.03,0,,Carne,grelhado,"bovina, capa de contra-filé, com gordura"
336,"Carne, bovina, capa de contra-filé, sem gordura, crua",Carnes e derivados,131.06,21.54,4.33,0,,Carne,cru,"bovina, capa de contra-filé, sem gordura"
337,"Carne, bovina, capa de contra-filé, sem gordura, grelhada",Carnes e derivados,239.44,35.06,9.95,0,,Carne,grelhado,"bovina, capa de contra-filé, sem gordura"
338,"Carne, bovina, charque, cozido",Carnes e derivados,262.78,36.36,11.92,0,,Carne,cozido,"bovina, charque"
339,"Carne, bovina, charque, cru",Carnes e derivados,248.86,22.71,16.84,0,,Carne,cru,"bovina, charque"
340,"Carne, bovina, contra-filé, à milanesa",Carnes e derivados,351.59,20.61,24,12.17,0.37,Carne,,"bovina, contra-filé, à milanesa"
341,"Carne, bovina, contra-filé de costela, cru",Carnes e derivados,202.44,19.8,13.07,0,,Carne,cru,"bovina, contra-filé de costela"
342,"Carne, bovina, contra-filé de costela, grelhado",Carnes e derivados,274.91,29.88,16.33,0,,Carne,grelhado,"bovina, contra-filé de costela"
343,"Carne, bovina, contra-filé, com gordura, cru",Carnes e derivados,205.86,21.15,12.81,0,,Carne,cru,"bovina, contra-filé, com gordura"
344,"Carne, bovina, contra-filé, com gordura, grelhado",Carnes e derivados,278.05,32.4,15.49,0,,Carne,grelhado,"bovina, contra-filé, com gordura"
345,"Carne, bovina, contra-filé, sem gordura, cru",Carnes e derivados,156.62,24,6,0,,Carne,cru,"bovina, contra-filé, sem gordura"
346,"Carne, bovina, contra-filé, sem gordura, grelhado",Carnes e derivados,193.69,35.88,4.49,0,,Carne,grelhado,"bovina, contra-filé, sem gordura"
347,"Carne, bovina, costela, assada",Carnes e derivados,373.04,28.81,27.72,0,,Carne,assado,"bovina, costela"
348,"Carne, bovina, costela, crua",Carnes e derivados,357.72,16.71,31.75,0,,Carne,cru,"bovina, costela"
349,"Carne, bovina, coxão duro, sem gordura, cozido",Carnes e derivados,216.62,31.88,8.92,0,,Carne,cozido,"bovina, coxão duro, sem gordura"
350,"Carne, bovina, coxão duro, sem gordura, cru",Carnes e derivados,147.97,21.51,6.22,0,,Carne,cru,"bovina, coxão duro, sem gordura"
351,"Carne, bovina, coxão mole, sem gordura, cozido",Carnes e derivados,218.68,32.38,8.91,0,,Carne,cozido,"bovina, coxão mole, sem gordura"
352,"Carne, bovina, coxão mole, sem gordura, cru",Carnes e derivados,169.07,21.23,8.69,0,,Carne,cru,"bovina, coxão mole, sem gordura"
353,"Carne, bovina, cupim, assado",Carnes e derivados,330.1,28.63,23.04,0,,Carne,assado,"bovina, cupim"
354,"Carne, bovina, cupim, cru",Carnes e derivados,221.4,19.54,15.3,0,,Carne,cru,"bovina, cupim"
355,"Carne, bovina, fígado, cru",Carnes e derivados,141.05,20.71,5.36,1.11,,Carne,cru,"bovina, fígado"
356,"Carne, bovina, fígado, grelhado",Carnes e derivados,225.03,29.86,9.01,4.2,,Carne,grelhado,"bovina, fígado"
357,"Carne, bovina, filé mingnon, sem gordura, cru",Carnes e derivados,142.86,21.6,5.61,0,,Carne,cru,"bovina, filé mingnon, sem gordura"
358,"Carne, bovina, filé mingnon, sem gordura, grelhado",Carnes e derivados,219.7,32.8,8.83,0,,Carne,grelhado,"bovina, filé mingnon, sem gordura"
359,"Carne, bovina, flanco, sem gordura, cozido",Carnes e derivados,195.58,29.38,7.77,0,,Carne,cozido,"bovina, flanco, sem gordura"
360,"Carne, bovina, flanco, sem gordura, cru",Carnes e derivados,141.46,20,6.22,0,,Carne,cru,"bovina, flanco, sem gordura"
361,"Carne, bovina, fraldinha, com gordura, cozida",Carnes e derivados,338.45,24.24,26.05,0,,Carne,cozido,"bovina, fraldinha, com gordura"
362,"Carne, bovina, fraldinha, com gordura, crua",Carnes e derivados,220.72,17.58,16.15,0,,Carne,cru,"bovina, fraldinha, com gordura"
363,"Carne, bovina, lagarto, cozido",Carnes e derivados,222.47,32.86,9.11,0,,Carne,cozido,"bovina, lagarto"
364,"Carne, bovina, lagarto, cru",Carnes e derivados,134.86,20.54,5.23,0,,Carne,cru,"bovina, lagarto"
365,"Carne, bovina, língua, cozida",Carnes e derivados,314.9,21.37,24.8,0,,Carne,cozido,"bovina, língua"
366,"Carne, bovina, língua, crua",Carnes e derivados,215.25,17.09,15.77,0,,Carne,cru,"bovina, língua"
367,"Carne, bovina, maminha, crua",Carnes e derivados,152.77,20.93,7.03,0,,Carne,cru,"bovina, maminha"
368,"Carne, bovina, maminha, grelhada",Carnes e derivados,153.09,30.74,2.42,0,,Carne,grelhado,"bovina, maminha"
369,"Carne, bovina, miolo de alcatra, sem gordura, cru",Carnes e derivados,162.87,21.61,7.83,0,,Carne,cru,"bovina, miolo de alcatra, sem gordura"
370,"Carne, bovina, miolo de alcatra, sem gordura, grelhado",Carnes e derivados,241.36,31.93,11.64,0,,Carne,grelhado,"bovina, miolo de alcatra, sem gordura"
371,"Carne, bovina, músculo, sem gordura, cozido",Carnes e derivados,193.8,31.23,6.7,0,,Carne,cozido,"bovina, músculo, sem gordura"
372,"Carne, bovina, músculo, sem gordura, cru",Carnes e derivados,141.58,21.56,5.49,0,,Carne,cru,"bovina, músculo, sem gordura"
373,"Carne, bovina, paleta, com gordura, crua",Carnes e derivados,158.71,21.41,7.46,0,,Carne,cru,"bovina, paleta, com gordura"
374,"Carne, bovina, paleta, sem gordura, cozida",Carnes e derivados,193.65,29.72,7.4,0,,Carne,cozido,"bovina, paleta, sem gordura"
375,"Carne, bovina, paleta, sem gordura, crua",Carnes e derivados,140.94,21.03,5.67,0,,Carne,cru,"bovina, paleta, sem gordura"
376,"Carne, bovina, patinho, sem gordura, cru",Carnes e derivados,133.47,21.72,4.51,0,,Carne,cru,"bovina, patinho, sem gordura"
377,"Carne, bovina, patinho, sem gordura, grelhado",Carnes e derivados,219.26,35.9,7.31,0,,Carne,grelhado,"bovina, patinho, sem gordura"
378,"Carne, bovina, peito, sem gordura, cozido",Carnes e derivados,338.47,22.25,26.99,0,,Carne,cozido,"bovina, peito, sem gordura"
379,"Carne, bovina, peito, sem gordura, cru",Carnes e derivados,259.28,17.56,20.43,0,,Carne,cru,"bovina, peito, sem gordura"
380,"Carne, bovina, picanha, com gordura, crua",Carnes e derivados,212.88,18.82,14.69,0,,Carne,cru,"bovina, picanha, com gordura"
381,"Carne, bovina, picanha, com gordura, grelhada",Carnes e derivados,288.77,26.42,19.51,0,,Carne,grelhado,"bovina, picanha, com gordura"
382,"Carne, bovina, picanha, sem gordura, crua",Carnes e derivados,133.52,21.25,4.74,0,,Carne,cru,"bovina, picanha, sem gordura"
383,"Carne, bovina, picanha, sem gordura, grelhada",Carnes e derivados,238.47,31.91,11.33,0,,Carne,grelhado,"bovina, picanha, sem gordura"
384,"Carne, bovina, seca, cozida",Carnes e derivados,312.8,26.93,21.93,0,,Carne,cozido,"bovina, seca"
385,"Carne, bovina, seca, crua",Carnes e derivados,312.75,19.66,25.37,0,,Carne,cru,"bovina, seca"
386,"Coxinha de frango, frita",Carnes e derivados,283.05,9.61,11.84,34.52,4.97,Coxinha de frango,frito,
387,"Croquete, de carne, cru",Carnes e derivados,245.77,12.04,15.56,13.95,,Croquete,cru,de carne
388,"Croquete, de carne, frito",Carnes e derivados,346.74,16.86,22.67,18.15,,Croquete,frito,de carne
389,"Empada de frango, pré-cozida, assada",Carnes e derivados,358.19,6.94,15.61,47.49,2.16,Empada de frango,cozido,assada
390,"Empada, de frango, pré-cozida",Carnes e derivados,377.48,7.34,22.89,35.53,2.22,Empada,cozido,de frango
391,"Frango, asa, com pele, crua",Carnes e derivados,213.19,18.1,15.07,0,,Frango,cru,"asa, com pele"
392,"Frango, caipira, inteiro, com pele, cozido",Carnes e derivados,242.89,23.88,15.62,0,,Frango,cozido,"caipira, inteiro, com pele"
393,"Frango, caipira, inteiro, sem pele, cozido",Carnes e derivados,195.76,29.57,7.7,0,,Frango,cozido,"caipira, inteiro, sem pele"
394,"Frango, coração, cru",Carnes e derivados,221.5,12.58,18.6,0,,Frango,cru,coração
395,"Frango, coração, grelhado",Carnes e derivados,207.27,22.44,12.1,0.61,,Frango,grelhado,coração
396,"Frango, coxa, com pele, assada",Carnes e derivados,215.12,28.49,10.36,0.06,,Frango,assado,"coxa, com pele"
397,"Frango, coxa, com pele, crua",Carnes e derivados,161.47,17.09,9.81,0,,Frango,cru,"coxa, com pele"
398,"Frango, coxa, sem pele, cozida",Carnes e derivados,167.43,26.86,5.85,0,,Frango,cozido,"coxa, sem pele"
399,"Frango, coxa, sem pele, crua",Carnes e derivados,119.95,17.81,4.86,0.02,,Frango,cru,"coxa, sem pele"
400,"Frango, fígado, cru",Carnes e derivados,106.48,17.59,3.49,0,,Frango,cru,fígado
401,"Frango, filé, à milanesa",Carnes e derivados,220.87,28.46,7.79,7.51,1.13,Frango,,"filé, à milanesa"
402,"Frango, inteiro, com pele, cru",Carnes e derivados,226.32,16.44,17.31,0,,Frango,cru,"inteiro, com pele"
403,"Frango, inteiro, sem pele, assado",Carnes e derivados,187.34,28.02,7.5,0,,Frango,assado,"inteiro, sem pele"
404,"Frango, inteiro, sem pele, cozido",Carnes e derivados,170.39,24.99,7.06,0,,Frango,cozido,"inteiro, sem pele"
405,"Frango, inteiro, sem pele, cru",Carnes e derivados,129.1,20.59,4.57,0,,Frango,cru,"inteiro, sem pele"
406,"Frango, peito, com pele, assado",Carnes e derivados,211.68,33.42,7.65,0,,Frango,assado,"peito, com pele"
407,"Frango, peito, com pele, cru",Carnes e derivados,149.47,20.78,6.73,0,,Frango,cru,"peito, com pele"
408,"Frango, peito, sem pele, cozido",Carnes e derivados,162.87,31.47,3.16,0,,Frango,cozido,"peito, sem pele"
409,"Frango, peito, sem pele, cru",Carnes e derivados,119.16,21.53,3.02,0,,Frango,cru,"peito, sem pele"
410,"Frango, peito, sem pele, grelhado",Carnes e derivados,159.19,32.03,2.48,0,,Frango,grelhado,"peito, sem pele"
411,"Frango, sobrecoxa, com pele, assada",Carnes e derivados,259.6,28.7,15.19,0,,Frango,assado,"sobrecoxa, com pele"
412,"Frango, sobrecoxa, com pele, crua",Carnes e derivados,254.53,15.46,20.9,0,,Frango,cru,"sobrecoxa, com pele"
413,"Frango, sobrecoxa, sem pele, assada",Carnes e derivados,232.88,29.18,12.01,0,,Frango,assado,"sobrecoxa, sem pele"
414,"Frango, sobrecoxa, sem pele, crua",Carnes e derivados,161.8,17.57,9.62,0,,Frango,cru,"sobrecoxa, sem pele"
415,"Hambúrguer, bovino, cru",Carnes e derivados,214.84,13.16,16.18,4.15,,Hambúrguer,cru,bovino
416,"Hambúrguer, bovino, frito",Carnes e derivados,258.28,19.97,17.01,6.32,,Hambúrguer,frito,bovino
417,"Hambúrguer, bovino, grelhado",Carnes e derivados,209.83,13.16,12.43,11.33,,Hambúrguer,grelhado,bovino
418,"Lingüiça, frango, crua",Carnes e derivados,218.11,14.24,17.44,0,,Lingüiça,cru,frango
419,"Lingüiça, frango, frita",Carnes e derivados,245.46,18.32,18.54,0,,Lingüiça,frito,frango
420,"Lingüiça, frango, grelhada",Carnes e derivados,243.66,18.19,18.4,0,,Lingüiça,grelhado,frango
421,"Lingüiça, porco, crua",Carnes e derivados,227.2,16.06,17.58,0,,Lingüiça,cru,porco
422,"Lingüiça, porco, frita",Carnes e derivados,279.54,20.45,21.31,0,,Lingüiça,frito,porco
423,"Lingüiça, porco, grelhada",Carnes e derivados,296.49,23.17,21.9,0,,Lingüiça,grelhado,porco
424,Mortadela,Carnes e derivados,268.82,11.95,21.65,5.82,,Mortadela,,
425,"Peru, congelado, assado",Carnes e derivados,163.07,26.2,5.67,0,,Peru,assado,congelado
426,"Peru, congelado, cru",Carnes e derivados,93.72,18.08,1.83,0,,Peru,cru,congelado
427,"Porco, bisteca, crua",Carnes e derivados,164.12,21.5,8.02,0,,Porco,cru,bisteca
428,"Porco, bisteca, frita",Carnes e derivados,311.17,33.75,18.52,0,,Porco,frito,bisteca
429,"Porco, bisteca, grelhada",Carnes e derivados,280.08,28.89,17.38,0,,Porco,grelhado,bisteca
430,"Porco, costela, assada",Carnes e derivados,402.17,30.22,30.28,0,,Porco,assado,costela
431,"Porco, costela, crua",Carnes e derivados,255.61,18,19.82,0,,Porco,cru,costela
432,"Porco, lombo, assado",Carnes e derivados,210.23,35.73,6.4,0,,Porco,assado,lombo
433,"Porco, lombo, cru",Carnes e derivados,175.63,22.6,8.77,0,,Porco,cru,lombo
434,"Porco, orelha, salgada, crua",Carnes e derivados,258.49,18.52,19.89,0,,Porco,cru,"orelha, salgada"
435,"Porco, pernil, assado",Carnes e derivados,262.26,32.13,13.86,0,,Porco,assado,pernil
436,"Porco, pernil, cru",Carnes e derivados,186.06,20.12,11.1,0,,Porco,cru,pernil
437,"Porco, rabo, salgado, cru",Carnes e derivados,377.42,15.58,34.47,0,,Porco,cru,"rabo, salgado"
438,"Presunto, com capa de gordura",Carnes e derivados,127.85,14.37,6.77,1.4,,Presunto,,com capa de gordura
439,"Presunto, sem capa de gordura",Carnes e derivados,93.74,14.29,2.71,2.15,,Presunto,,sem capa de gordura
440,"Quibe, assado",Carnes e derivados,136.23,14.59,2.68,12.86,1.9,Quibe,assado,
441,"Quibe, cru",Carnes e derivados,109.49,12.35,1.67,10.77,1.65,Quibe,cru,
442,"Quibe, frito",Carnes e derivados,253.83,14.89,15.8,12.34,,Quibe,frito,
443,Salame,Carnes e derivados,397.84,25.81,30.64,2.91,,Salame,,
444,"Toucinho, cru",Carnes e derivados,592.53,11.48,60.26,0,,Toucinho,cru,
445,"Toucinho, frito",Carnes e derivados,696.56,27.28,64.31,0,,Toucinho,frito,
446,"Bebida láctea, pêssego",Leite e derivados,55.16,2.13,1.91,7.57,0.29,Bebida láctea,,pêssego
447,Creme de Leite,Leite e derivados,221.48,1.51,22.48,4.51,,Creme de Leite,,
448,"Iogurte, natural",Leite e derivados,51.49,4.06,3.04,1.92,,Iogurte,,natural
449,"Iogurte, natural, desnatado",Leite e derivados,41.49,3.83,0.32,5.77,,Iogurte,,"natural, desnatado"
450,"Iogurte, sabor abacaxi",Leite e derivados,,,,,,Iogurte,,sabor abacaxi
451,"Iogurte, sabor morango",Leite e derivados,69.57,2.71,2.33,9.69,0.22,Iogurte,,sabor morango
452,"Iogurte, sabor pêssego",Leite e derivados,67.85,2.53,2.34,9.43,0.72,Iogurte,,sabor pêssego
453,"Leite, condensado",Leite e derivados,312.57,7.67,6.74,57,,Leite,,condensado
454,"Leite, de cabra",Leite e derivados,66.42,3.07,3.75,5.25,,Leite,,de cabra
455,"Leite, de vaca, achocolatado",Leite e derivados,82.82,2.1,2.17,14.16,0.65,Leite,,"de vaca, achocolatado"
456,"Leite, de vaca, desnatado, pó",Leite e derivados,361.61,34.69,0.93,53.04,,Leite,,"de vaca, desnatado, pó"
457,"Leite, de vaca, desnatado, UHT",Leite e derivados,,,,,,Leite,,"de vaca, desnatado, UHT"
458,"Leite, de vaca, integral",Leite e derivados,,,,,,Leite,,"de vaca, integral"
459,"Leite, de vaca, integral, pó",Leite e derivados,496.65,25.42,26.9,39.18,,Leite,,"de vaca, integral, pó"
460,"Leite, fermentado",Leite e derivados,69.62,1.89,0.1,15.67,,Leite,,fermentado
461,"Queijo, minas, frescal",Leite e derivados,264.27,17.41,20.18,3.24,,Queijo,,"minas, frescal"
462,"Queijo, minas, meia cura",Leite e derivados,320.72,21.21,24.61,3.57,,Queijo,,"minas, meia cura"
463,"Queijo, mozarela",Leite e derivados,329.87,22.65,25.18,3.05,,Queijo,,mozarela
464,"Queijo, parmesão",Leite e derivados,452.96,35.55,33.53,1.66,,Queijo,,parmesão
465,"Queijo, pasteurizado",Leite e derivados,303.08,9.36,27.44,5.68,,Queijo,,pasteurizado
466,"Queijo, petit suisse, morango",Leite e derivados,121.11,5.79,2.84,18.46,,Queijo,,"petit suisse, morango"
467,"Queijo, prato",Leite e derivados,359.88,22.66,29.11,1.88,,Queijo,,prato
468,"Queijo, requeijão, cremoso",Leite e derivados,256.58,9.63,23.44,2.43,,Queijo,,"requeijão, cremoso"
469,"Queijo, ricota",Leite e derivados,139.73,12.6,8.11,3.79,,Queijo,,ricota
470,"Bebida isotônica, sabores variados",Bebidas (alcoólicas e não alcoólicas),25.61,0,0,6.4,,Bebida isotônica,,sabores variados
471,"Café, infusão 10%",Bebidas (alcoólicas e não alcoólicas),9.07,0.71,0.07,1.48,,Café,,infusão 10%
472,"Cana, aguardente 1",Bebidas (alcoólicas e não alcoólicas),215.66,,,,,Cana,,aguardente 1
473,"Cana, caldo de",Bebidas (alcoólicas e não alcoólicas),65.34,0,0,18.15,0.14,Cana,,caldo de
474,"Cerveja, pilsen 2",Bebidas (alcoólicas e não alcoólicas),40.72,0.56,0,3.32,,Cerveja,,pilsen 2
475,"Chá, erva-doce, infusão 5%",Bebidas (alcoólicas e não alcoólicas),1.4,0,0,0.39,,Chá,,"erva-doce, infusão 5%"
476,"Chá, mate, infusão 5%",Bebidas (alcoólicas e não alcoólicas),2.73,0,0.05,0.64,,Chá,,"mate, infusão 5%"
477,"Chá, preto, infusão 5%",Bebidas (alcoólicas e não alcoólicas),2.25,0,0,0.63,,Chá,,"preto, infusão 5%"
478,"Coco, água de",Bebidas (alcoólicas e não alcoólicas),21.51,0,0,5.28,0.13,Coco,,água de
479,"Refrigerante, tipo água tônica",Bebidas (alcoólicas e não alcoólicas),30.78,0,0,7.95,,Refrigerante,,tipo água tônica
480,"Refrigerante, tipo cola",Bebidas (alcoólicas e não alcoólicas),33.51,0,0,8.66,,Refrigerante,,tipo cola
481,"Refrigerante, tipo guaraná",Bebidas (alcoólicas e não alcoólicas),38.7,0,0,10,,Refrigerante,,tipo guaraná
482,"Refrigerante, tipo laranja",Bebidas (alcoólicas e não alcoólicas),45.63,0,0,11.79,,Refrigerante,,tipo laranja
483,"Refrigerante, tipo limão",Bebidas (alcoólicas e não alcoólicas),39.72,0,0,10.26,,Refrigerante,,tipo limão
484,"Omelete, de queijo",Ovos e derivados,268.01,15.57,22.01,0.44,,Omelete,,de queijo
485,"Ovo, de codorna, inteiro, cru",Ovos e derivados,176.89,13.69,12.68,0.77,,Ovo,cru,"de codorna, inteiro"
486,"Ovo, de galinha, clara, cozida/10minutos",Ovos e derivados,59.44,13.45,0.09,0,,Ovo,,"de galinha, clara, cozida/10minutos"
487,"Ovo, de galinha, gema, cozida/10minutos",Ovos e derivados,352.67,15.9,30.78,1.56,,Ovo,,"de galinha, gema, cozida/10minutos"
488,"Ovo, de galinha, inteiro, cozido/10minutos",Ovos e derivados,145.7,13.29,9.48,0.61,,Ovo,,"de galinha, inteiro, cozido/10minutos"
489,"Ovo, de galinha, inteiro, cru",Ovos e derivados,143.11,13.03,8.9,1.64,,Ovo,cru,"de galinha, inteiro"
490,"Ovo, de galinha, inteiro, frito",Ovos e derivados,240.19,15.62,18.59,1.19,,Ovo,frito,"de galinha, inteiro"
491,"Achocolatado, pó",Produtos açucarados,401.02,4.2,2.17,91.18,3.89,Achocolatado,,pó
492,"Açúcar, cristal",Produtos açucarados,386.85,0.32,0,99.61,,Açúcar,,cristal
493,"Açúcar, mascavo",Produtos açucarados,368.55,0.76,0.09,94.45,,Açúcar,,mascavo
494,"Açúcar, refinado",Produtos açucarados,386.57,0.32,0,99.54,,Açúcar,,refinado
495,"Chocolate, ao leite",Produtos açucarados,539.59,7.22,30.27,59.58,2.17,Chocolate,,ao leite
496,"Chocolate, ao leite, com castanha do Pará",Produtos açucarados,558.88,7.41,34.19,55.38,2.46,Chocolate,,"ao leite, com castanha do Pará"
497,"Chocolate, ao leite, dietético",Produtos açucarados,556.82,6.9,33.77,56.32,2.85,Chocolate,,"ao leite, dietético"
498,"Chocolate, meio amargo",Produtos açucarados,474.92,4.86,29.86,62.42,4.94,Chocolate,,meio amargo
499,Cocada branca,Produtos açucarados,448.85,1.12,13.59,81.38,3.57,Cocada branca,,
500,"Doce, de abóbora, cremoso",Produtos açucarados,198.94,0.92,0.21,54.61,2.28,Doce,,"de abóbora, cremoso"
501,"Doce, de leite, cremoso",Produtos açucarados,306.31,5.48,5.99,59.49,,Doce,,"de leite, cremoso"
502,"Geléia, mocotó, natural",Produtos açucarados,106.09,2.12,0.07,24.23,,Geléia,,"mocotó, natural"
503,Glicose de milho,Produtos açucarados,292.12,0,0,79.38,,Glicose de milho,,
504,Maria mole,Produtos açucarados,301.24,3.81,0.19,73.55,0.67,Maria mole,,
505,"Maria mole, coco queimado",Produtos açucarados,306.63,3.93,0.09,75.06,0.64,Maria mole,,coco queimado
506,Marmelada,Produtos açucarados,257.24,0.4,0.14,70.76,4.07,Marmelada,,
507,"Mel, de abelha",Produtos açucarados,309.24,0,0,84.03,,Mel,,de abelha
508,Melado,Produtos açucarados,296.51,0,0,76.62,,Melado,,
509,Quindim,Produtos açucarados,411.35,4.74,24.43,46.3,3.22,Quindim,,
510,Rapadura,Produtos açucarados,351.96,0.99,0.07,90.79,,Rapadura,,
511,"Café, pó, torrado",Miscelâneas,418.62,14.7,11.95,65.75,51.23,Café,torrado,pó
512,"Capuccino, pó",Miscelâneas,417.41,11.31,8.63,73.61,2.44,Capuccino,,pó
513,"Fermento em pó, químico",Miscelâneas,89.72,0.48,0.07,43.91,,Fermento em pó,,químico
514,"Fermento, biológico, levedura, tablete",Miscelâneas,89.79,16.96,1.52,7.7,4.17,Fermento,,"biológico, levedura, tablete"
515,"Gelatina, sabores variados, pó",Miscelâneas,380.22,8.89,0,89.22,,Gelatina,,"sabores variados, pó"
516,"Sal, dietético",Miscelâneas,,,,,,Sal,,dietético
517,"Sal, grosso",Miscelâneas,,,,,,Sal,,grosso
518,Shoyu,Miscelâneas,60.93,3.31,0.33,11.65,,Shoyu,,
519,Tempero a base de sal,Miscelâneas,21.33,2.67,0.26,2.07,0.56,Tempero a base de sal,,
520,"Azeitona, preta, conserva",Outros alimentos industrializados,194.15,1.16,20.34,5.54,4.55,Azeitona,,"preta, conserva"
521,"Azeitona, verde, conserva",Outros alimentos industrializados,136.94,0.95,14.22,4.1,3.85,Azeitona,,"verde, conserva"
522,"Chantilly, spray, com gordura vegetal",Outros alimentos industrializados,314.96,0.53,27.27,16.86,,Chantilly,,"spray, com gordura vegetal"
523,"Leite, de coco",Outros alimentos industrializados,166.16,1.01,18.36,2.19,0.68,Leite,,de coco
524,"Maionese, tradicional com ovos",Outros alimentos industrializados,302.15,0.58,30.5,7.9,,Maionese,,tradicional com ovos
525,Acarajé,Alimentos preparados,289.21,8.35,19.93,19.11,9.36,Acarajé,,
526,Arroz carreteiro,Alimentos preparados,153.77,10.83,7.12,11.58,1.5,Arroz carreteiro,,
527,"Baião de dois, arroz e feijão-de-corda",Alimentos preparados,135.68,6.24,3.23,20.42,5.07,Baião de dois,,arroz e feijão-de-corda
528,Barreado,Alimentos preparados,164.98,18.27,9.53,0.24,0.15,Barreado,,
529,"Bife à cavalo, com contra filé",Alimentos preparados,291.23,23.66,21.15,0,,Bife à cavalo,,com contra filé
530,Bolinho de arroz,Alimentos preparados,273.51,8.04,8.29,41.68,2.74,Bolinho de arroz,,
531,Camarão à baiana,Alimentos preparados,100.78,7.94,5.97,3.17,0.39,Camarão à baiana,,
532,"Charuto, de repolho",Alimentos preparados,78.23,6.78,1.12,10.13,1.46,Charuto,,de repolho
533,"Cuscuz, de milho, cozido com sal",Alimentos preparados,113.46,2.16,0.68,25.28,2.05,Cuscuz,,"de milho, cozido com sal"
534,"Cuscuz, paulista",Alimentos preparados,142.12,2.56,4.65,22.51,2.43,Cuscuz,,paulista
535,"Cuxá, molho",Alimentos preparados,80.09,5.64,3.59,5.74,3.02,Cuxá,,molho
536,Dobradinha,Alimentos preparados,124.5,19.77,4.44,0,,Dobradinha,,
537,Estrogonofe de carne,Alimentos preparados,173.14,15.03,10.8,2.98,,Estrogonofe de carne,,
538,Estrogonofe de frango,Alimentos preparados,156.81,17.55,7.96,2.59,,Estrogonofe de frango,,
539,Feijão tropeiro mineiro,Alimentos preparados,151.56,10.17,6.79,19.58,3.57,Feijão tropeiro mineiro,,
540,Feijoada,Alimentos preparados,116.93,8.67,6.48,11.64,5.09,Feijoada,,
541,"Frango, com açafrão",Alimentos preparados,112.78,9.7,6.17,4.06,0.22,Frango,,com açafrão
542,"Macarrão, molho bolognesa",Alimentos preparados,119.53,4.93,0.89,22.52,0.78,Macarrão,,molho bolognesa
543,Maniçoba,Alimentos preparados,134.22,9.96,8.7,3.42,2.16,Maniçoba,,
544,Quibebe,Alimentos preparados,86.35,8.56,2.67,6.64,1.67,Quibebe,,
545,"Salada, de legumes, com maionese",Alimentos preparados,96.1,1.05,7.04,8.92,2.22,Salada,,"de legumes, com maionese"
546,"Salada, de legumes, cozida no vapor",Alimentos preparados,35.41,2.01,0.31,7.09,2.51,Salada,,"de legumes, cozida no vapor"
547,"Salpicão, de frango",Alimentos preparados,147.86,13.93,7.84,4.57,0.41,Salpicão,,de frango
548,Sarapatel,Alimentos preparados,122.98,18.47,4.42,1.09,,Sarapatel,,
549,Tabule,Alimentos preparados,57.45,2.05,1.21,10.58,2.08,Tabule,,
550,Tacacá,Alimentos preparados,46.89,6.96,0.36,3.39,0.21,Tacacá,,
551,"Tapioca, com manteiga",Alimentos preparados,347.83,0.09,10.91,63.59,0,Tapioca,,com manteiga
552,"Tucupi, com pimenta-de-cheiro",Alimentos preparados,27.18,2.06,0.28,4.74,0.23,Tucupi,,com pimenta-de-cheiro
553,Vaca atolada,Alimentos preparados,144.9,5.12,9.32,10.06,2.34,Vaca atolada,,
554,Vatapá,Alimentos preparados,254.89,6,23.23,9.75,1.7,Vatapá,,
555,Virado à paulista,Alimentos preparados,306.95,10.18,25.59,14.11,2.16,Virado à paulista,,
556,Yakisoba,Alimentos preparados,112.8,7.52,2.61,18.25,1.06,Yakisoba,,
557,"Amendoim, grão, cru",Leguminosas e derivados,544.05,27.19,43.85,20.31,8.04,Amendoim,cru,grão
558,"Amendoim, torrado, salgado",Leguminosas e derivados,605.78,22.48,53.96,18.7,7.76,Amendoim,torrado,salgado
559,"Ervilha, em vagem",Leguminosas e derivados,88.09,7.45,0.47,14.23,9.72,Ervilha,,em vagem
560,"Ervilha, enlatada, drenada",Leguminosas e derivados,73.84,4.6,0.38,13.44,5.08,Ervilha,,"enlatada, drenada"
561,"Feijão, carioca, cozido",Leguminosas e derivados,76.42,4.78,0.54,13.59,8.51,Feijão,cozido,carioca
562,"Feijão, carioca, cru",Leguminosas e derivados,329.03,19.98,1.26,61.22,18.42,Feijão,cru,carioca
563,"Feijão, fradinho, cozido",Leguminosas e derivados,78.01,5.09,0.64,13.5,7.47,Feijão,cozido,fradinho
564,"Feijão, fradinho, cru",Leguminosas e derivados,339.16,20.21,2.37,61.24,23.59,Feijão,cru,fradinho
565,"Feijão, jalo, cozido",Leguminosas e derivados,92.74,6.14,0.51,16.5,13.87,Feijão,cozido,jalo
566,"Feijão, jalo, cru",Leguminosas e derivados,327.91,20.1,0.95,61.48,30.32,Feijão,cru,jalo
567,"Feijão, preto, cozido",Leguminosas e derivados,77.03,4.48,0.54,14.01,8.4,Feijão,cozido,preto
568,"Feijão, preto, cru",Leguminosas e derivados,323.57,21.34,1.24,58.75,21.83,Feijão,cru,preto
569,"Feijão, rajado, cozido",Leguminosas e derivados,84.7,5.54,0.4,15.27,9.32,Feijão,cozido,rajado
570,"Feijão, rajado, cru",Leguminosas e derivados,325.84,17.27,1.17,62.93,24.01,Feijão,cru,rajado
571,"Feijão, rosinha, cozido",Leguminosas e derivados,67.87,4.54,0.48,11.82,4.76,Feijão,cozido,rosinha
572,"Feijão, rosinha, cru",Leguminosas e derivados,336.96,20.92,1.33,62.22,20.63,Feijão,cru,rosinha
573,"Feijão, roxo, cozido",Leguminosas e derivados,76.89,5.72,0.54,12.91,11.51,Feijão,cozido,roxo
574,"Feijão, roxo, cru",Leguminosas e derivados,331.41,22.17,1.24,59.99,33.84,Feijão,cru,roxo
575,"Grão-de-bico, cru",Leguminosas e derivados,354.7,21.23,5.43,57.88,12.36,Grão-de-bico,cru,
576,"Guandu, cru",Leguminosas e derivados,344.13,18.96,2.13,64,21.31,Guandu,cru,
577,"Lentilha, cozida",Leguminosas e derivados,92.64,6.31,0.52,16.3,7.86,Lentilha,cozido,
578,"Lentilha, crua",Leguminosas e derivados,339.14,23.15,0.77,62,16.94,Lentilha,cru,
579,"Paçoca, amendoim",Leguminosas e derivados,486.93,16,26.08,52.38,7.32,Paçoca,,amendoim
580,"Pé-de-moleque, amendoim",Leguminosas e derivados,503.19,13.16,28.05,54.73,3.39,Pé-de-moleque,,amendoim
581,"Soja, farinha",Leguminosas e derivados,403.96,36.03,14.63,38.44,20.18,Soja,,farinha
582,"Soja, extrato solúvel, natural, fluido",Leguminosas e derivados,39.1,2.38,1.61,4.28,0.37,Soja,,"extrato solúvel, natural, fluido"
583,"Soja, extrato solúvel, pó",Leguminosas e derivados,458.9,35.69,26.18,28.48,7.31,Soja,,"extrato solúvel, pó"
584,"Soja, queijo (tofu)",Leguminosas e derivados,64.49,6.55,3.95,2.13,0.75,Soja,,queijo (tofu)
585,"Tremoço, cru",Leguminosas e derivados,381.28,33.58,10.34,43.79,32.31,Tremoço,cru,
586,"Tremoço, em conserva",Leguminosas e derivados,120.64,11.11,3.78,12.39,14.44,Tremoço,,em conserva
587,"Amêndoa, torrada, salgada",Nozes e sementes,580.75,18.55,47.32,29.55,11.64,Amêndoa,torrado,salgada
588,"Castanha-de-caju, torrada, salgada",Nozes e sementes,570.17,18.51,46.28,29.13,3.66,Castanha-de-caju,torrado,salgada
589,"Castanha-do-Brasil, crua",Nozes e sementes,642.96,14.54,63.46,15.08,7.93,Castanha-do-Brasil,cru,
590,"Coco, cru",Nozes e sementes,406.49,3.69,41.98,10.4,5.38,Coco,cru,
591,"Coco,  verde, cru",Nozes e sementes,,,,,,Coco,cru,verde
592,"Farinha, de mesocarpo de babaçu, crua",Nozes e sementes,328.77,1.41,0.2,79.17,17.86,Farinha,cru,de mesocarpo de babaçu
593,"Gergelim, semente",Nozes e sementes,583.55,21.16,50.43,21.62,11.87,Gergelim,,semente
594,"Linhaça, semente",Nozes e sementes,495.1,14.08,32.25,43.31,33.5,Linhaça,,semente
595,"Pinhão, cozido",Nozes e sementes,174.37,2.98,0.75,43.92,15.6,Pinhão,cozido,
596,"Pupunha, cozida",Nozes e sementes,218.53,2.52,12.76,29.57,4.25,Pupunha,cozido,
597,"Noz, crua",Nozes e sementes,620.06,13.97,59.36,18.36,7.25,Noz,cru,
